{
    "Jin\u2019e": {
        "polygon": [
            [
                49.34313,
                85.28443
            ],
            [
                49.34313,
                125.28443
            ],
            [
                9.343129999999999,
                125.28443
            ],
            [
                9.343129999999999,
                85.28443
            ],
            [
                49.34313,
                85.28443
            ]
        ],
        "dynamic_probability": 0.2,
        "static_probability": 0.7,
        "eval_time": 2.0
    },
    "Arakkonam": {
        "polygon": [
            [
                33.08449,
                59.67053
            ],
            [
                33.08449,
                99.67053
            ],
            [
                -6.915509999999999,
                99.67053
            ],
            [
                -6.915509999999999,
                59.67053
            ],
            [
                33.08449,
                59.67053
            ]
        ],
        "dynamic_probability": 0.2,
        "static_probability": 0.7,
        "eval_time": 2.0
    },
    "B\u00e9gard": {
        "polygon": [
            [
                68.62765999999999,
                -23.30178
            ],
            [
                68.62765999999999,
                16.69822
            ],
            [
                28.62766,
                16.69822
            ],
            [
                28.62766,
                -23.30178
            ],
            [
                68.62765999999999,
                -23.30178
            ]
        ],
        "dynamic_probability": 0.2,
        "static_probability": 0.7,
        "eval_time": 2.0
    },
    "Xangongo": {
        "polygon": [
            [
                3.255600000000001,
                -5.02506
            ],
            [
                3.255600000000001,
                34.974940000000004
            ],
            [
                -36.7444,
                34.974940000000004
            ],
            [
                -36.7444,
                -5.02506
            ],
            [
                3.255600000000001,
                -5.02506
            ]
        ],
        "dynamic_probability": 0.2,
        "static_probability": 0.7,
        "eval_time": 2.0
    },
    "Horcajo de Montemayor": {
        "polygon": [
            [
                60.42265,
                -25.89427
            ],
            [
                60.42265,
                14.105730000000001
            ],
            [
                20.422649999999997,
                14.105730000000001
            ],
            [
                20.422649999999997,
                -25.89427
            ],
            [
                60.42265,
                -25.89427
            ]
        ],
        "dynamic_probability": 0.2,
        "static_probability": 0.7,
        "eval_time": 2.0
    },
    "Barangobong": {
        "polygon": [
            [
                35.87778,
                100.54833
            ],
            [
                35.87778,
                140.54833000000002
            ],
            [
                -4.12222,
                140.54833000000002
            ],
            [
                -4.12222,
                100.54833
            ],
            [
                35.87778,
                100.54833
            ]
        ],
        "dynamic_probability": 0.2,
        "static_probability": 0.7,
        "eval_time": 2.0
    },
    "Aghire\u0219u-Fabrici": {
        "polygon": [
            [
                66.8669,
                3.2712900000000005
            ],
            [
                66.8669,
                43.27129
            ],
            [
                26.8669,
                43.27129
            ],
            [
                26.8669,
                3.2712900000000005
            ],
            [
                66.8669,
                3.2712900000000005
            ]
        ],
        "dynamic_probability": 0.2,
        "static_probability": 0.7,
        "eval_time": 2.0
    },
    "Dunellen": {
        "polygon": [
            [
                60.58927,
                -94.47182
            ],
            [
                60.58927,
                -54.471819999999994
            ],
            [
                20.58927,
                -54.471819999999994
            ],
            [
                20.58927,
                -94.47182
            ],
            [
                60.58927,
                -94.47182
            ]
        ],
        "dynamic_probability": 0.2,
        "static_probability": 0.7,
        "eval_time": 2.0
    },
    "Kensington": {
        "polygon": [
            [
                61.63538,
                -92.76871
            ],
            [
                61.63538,
                -52.76871
            ],
            [
                21.635379999999998,
                -52.76871
            ],
            [
                21.635379999999998,
                -92.76871
            ],
            [
                61.63538,
                -92.76871
            ]
        ],
        "dynamic_probability": 0.2,
        "static_probability": 0.7,
        "eval_time": 2.0
    },
    "Gbanvy\u00e9lou": {
        "polygon": [
            [
                28.006230000000002,
                -26.15735
            ],
            [
                28.006230000000002,
                13.842649999999999
            ],
            [
                -11.99377,
                13.842649999999999
            ],
            [
                -11.99377,
                -26.15735
            ],
            [
                28.006230000000002,
                -26.15735
            ]
        ],
        "dynamic_probability": 0.2,
        "static_probability": 0.7,
        "eval_time": 2.0
    },
    "Tairua": {
        "polygon": [
            [
                -17.016669999999998,
                155.85
            ],
            [
                -17.016669999999998,
                195.85
            ],
            [
                -57.01667,
                195.85
            ],
            [
                -57.01667,
                155.85
            ],
            [
                -17.016669999999998,
                155.85
            ]
        ],
        "dynamic_probability": 0.2,
        "static_probability": 0.7,
        "eval_time": 2.0
    },
    "Sasso di Castalda": {
        "polygon": [
            [
                60.48525,
                -4.3243100000000005
            ],
            [
                60.48525,
                35.67569
            ],
            [
                20.48525,
                35.67569
            ],
            [
                20.48525,
                -4.3243100000000005
            ],
            [
                60.48525,
                -4.3243100000000005
            ]
        ],
        "dynamic_probability": 0.2,
        "static_probability": 0.7,
        "eval_time": 2.0
    },
    "Dobr\u00e9pa": {
        "polygon": [
            [
                26.2092,
                -25.88125
            ],
            [
                26.2092,
                14.11875
            ],
            [
                -13.7908,
                14.11875
            ],
            [
                -13.7908,
                -25.88125
            ],
            [
                26.2092,
                -25.88125
            ]
        ],
        "dynamic_probability": 0.2,
        "static_probability": 0.7,
        "eval_time": 2.0
    },