{
    "Mossendjo": {
        "polygon": [
            [
                17.05032,
                -7.295769999999999
            ],
            [
                17.05032,
                32.70423
            ],
            [
                -22.94968,
                32.70423
            ],
            [
                -22.94968,
                -7.295769999999999
            ],
            [
                17.05032,
                -7.295769999999999
            ]
        ],
        "dynamic_probability": 0.2,
        "static_probability": 0.7,
        "eval_time": 2.0
    },
    "Frickingen": {
        "polygon": [
            [
                67.81438,
                -10.72651
            ],
            [
                67.81438,
                29.273490000000002
            ],
            [
                27.81438,
                29.273490000000002
            ],
            [
                27.81438,
                -10.72651
            ],
            [
                67.81438,
                -10.72651
            ]
        ],
        "dynamic_probability": 0.2,
        "static_probability": 0.7,
        "eval_time": 2.0
    },
    "Riantec": {
        "polygon": [
            [
                67.71167,
                -23.31005
            ],
            [
                67.71167,
                16.68995
            ],
            [
                27.711669999999998,
                16.68995
            ],
            [
                27.711669999999998,
                -23.31005
            ],
            [
                67.71167,
                -23.31005
            ]
        ],
        "dynamic_probability": 0.2,
        "static_probability": 0.7,
        "eval_time": 2.0
    },
    "Mehamn": {
        "polygon": [
            [
                91.04137,
                7.851330000000001
            ],
            [
                91.04137,
                47.851330000000004
            ],
            [
                51.04137,
                47.851330000000004
            ],
            [
                51.04137,
                7.851330000000001
            ],
            [
                91.04137,
                7.851330000000001
            ]
        ],
        "dynamic_probability": 0.2,
        "static_probability": 0.7,
        "eval_time": 2.0
    },
    "Vasilyevichy": {
        "polygon": [
            [
                72.2512,
                9.828800000000001
            ],
            [
                72.2512,
                49.8288
            ],
            [
                32.2512,
                49.8288
            ],
            [
                32.2512,
                9.828800000000001
            ],
            [
                72.2512,
                9.828800000000001
            ]
        ],
        "dynamic_probability": 0.2,
        "static_probability": 0.7,
        "eval_time": 2.0
    },
    "Otterthal": {
        "polygon": [
            [
                67.61667,
                -4.06667
            ],
            [
                67.61667,
                35.93333
            ],
            [
                27.61667,
                35.93333
            ],
            [
                27.61667,
                -4.06667
            ],
            [
                67.61667,
                -4.06667
            ]
        ],
        "dynamic_probability": 0.2,
        "static_probability": 0.7,
        "eval_time": 2.0
    },
    "Dei\u00dflingen": {
        "polygon": [
            [
                68.1123,
                -11.39264
            ],
            [
                68.1123,
                28.60736
            ],
            [
                28.112299999999998,
                28.60736
            ],
            [
                28.112299999999998,
                -11.39264
            ],
            [
                68.1123,
                -11.39264
            ]
        ],
        "dynamic_probability": 0.2,
        "static_probability": 0.7,
        "eval_time": 2.0
    },
    "Saint-Berthevin": {
        "polygon": [
            [
                68.06922,
                -20.82612
            ],
            [
                68.06922,
                19.17388
            ],
            [
                28.06922,
                19.17388
            ],
            [
                28.06922,
                -20.82612
            ],
            [
                68.06922,
                -20.82612
            ]
        ],
        "dynamic_probability": 0.2,
        "static_probability": 0.7,
        "eval_time": 2.0
    },
    "\u00c7amoluk": {
        "polygon": [
            [
                60.12732,
                18.73006
            ],
            [
                60.12732,
                58.73006
            ],
            [
                20.127319999999997,
                58.73006
            ],
            [
                20.127319999999997,
                18.73006
            ],
            [
                60.12732,
                18.73006
            ]
        ],
        "dynamic_probability": 0.2,
        "static_probability": 0.7,
        "eval_time": 2.0
    },
    "Duruelo": {
        "polygon": [
            [
                61.23622,
                -23.64914
            ],
            [
                61.23622,
                16.35086
            ],
            [
                21.236220000000003,
                16.35086
            ],
            [
                21.236220000000003,
                -23.64914
            ],
            [
                61.23622,
                -23.64914
            ]
        ],
        "dynamic_probability": 0.2,
        "static_probability": 0.7,
        "eval_time": 2.0
    }
}